{
  "baseline": 64.0,
  "left_uv_to_rect_x": [
    -0.3911411262822835,
    -1.0469316583656567,
    2.963549626081593,
    -1.130968561588194,
    -1.0467596909339252,
    6.681274871440816,
    -7.206888691316254,
    2.639877452079542,
    -2.431596011296117,
    17.13101853427748,
    -38.28470184111241,
    22.501392128922436,
    3.8082911609762546,
    -26.632302518943415,
    51.69490977690462,
    -28.763926098262683
  ],
  "left_uv_to_rect_y": [
    0.09762306406674888,
    -2.6522199609679595,
    3.2259103387117065,
    -1.5329960306514296,
    -2.3144434109735066,
    14.662349866493066,
    -18.57156386400279,
    8.374072856967802,
    6.808380516036107,
    -30.01863751044297,
    38.78099380280351,
    -17.07259336138825,
    -4.694488756038442,
    21.241910211909925,
    -27.723607428245348,
    12.326419349587528
  ],
  "right_uv_to_rect_x": [
    -0.3299588959164141,
    -2.0287682188310154,
    5.899514271667842,
    -3.083065317162172,
    -4.198117457119729,
    30.379431261458805,
    -57.0264093646005,
    31.9799024165336,
    7.9206160247622535,
    -55.08061645900129,
    104.27978078642337,
    -58.66669939446203,
    -4.197805749280247,
    27.388379309584675,
    -52.83973360859733,
    30.00852979607391
  ],
  "right_uv_to_rect_y": [
    0.05519170096588794,
    -2.399088844464293,
    3.1909483389593536,
    -1.558794871561854,
    -1.7549760752605996,
    13.512064792258766,
    -17.937518374871154,
    8.468431150212883,
    4.792994533066557,
    -22.435895376892837,
    29.160644228148215,
    -13.111801002130662,
    -2.7878208807728093,
    12.693162512175528,
    -15.639164760998714,
    6.8289215445724
  ]
}